{
    "loss": 3.02272629737854,
    "accuracy": 0.6176470518112183
}