{
    "loss": 0.2863682508468628,
    "accuracy": 0.8627451062202454
}